TERMS AND CONDITIONS,,,,,,,,
https://www.bankofcanada.ca/terms/,,,,,,,,
,,,,,,,,
NAME,,,,,,,,
Daily exchange rates,,,,,,,,
,,,,,,,,
DESCRIPTION,,,,,,,,
Daily average exchange rates - published once each business day by 16:30 ET. All Bank of Canada exchange rates are indicative rates only.,,,,,,,,
,,,,,,,,
SERIES,,,,,,,,
id,label,,,,,,,
FXAUDCAD,AUD/CAD,Australian dollar to Canadian dollar daily exchange rate,,,,,,
FXBRLCAD,BRL/CAD,Brazilian real to Canadian dollar daily exchange rate,,,,,,
FXCNYCAD,CNY/CAD,Chinese renminbi to Canadian dollar daily exchange rate,,,,,,
FXEURCAD,EUR/CAD,European euro to Canadian dollar daily exchange rate,,,,,,
FXHKDCAD,HKD/CAD,Hong Kong dollar to Canadian dollar daily exchange rate,,,,,,
FXINRCAD,INR/CAD,Indian rupee to Canadian dollar daily exchange rate,,,,,,
FXIDRCAD,IDR/CAD,Indonesian rupiah to Canadian dollar daily exchange rate,,,,,,
FXJPYCAD,JPY/CAD,Japanese yen to Canadian dollar daily exchange rate,,,,,,
FXMYRCAD,MYR/CAD,Malaysian ringgit to Canadian dollar daily exchange rate,,,,,,
FXMXNCAD,MXN/CAD,Mexican peso to Canadian dollar daily exchange rate,,,,,,
FXNZDCAD,NZD/CAD,New Zealand dollar to Canadian dollar daily exchange rate,,,,,,
FXNOKCAD,NOK/CAD,Norwegian krone to Canadian dollar daily exchange rate,,,,,,
FXPENCAD,PEN/CAD,Peruvian new sol to Canadian dollar daily exchange rate,,,,,,
FXRUBCAD,RUB/CAD,Russian ruble to Canadian dollar daily exchange rate,,,,,,
FXSARCAD,SAR/CAD,Saudi riyal to Canadian dollar daily exchange rate,,,,,,
FXSGDCAD,SGD/CAD,Singapore dollar to Canadian dollar daily exchange rate,,,,,,
FXZARCAD,ZAR/CAD,South African rand to Canadian dollar daily exchange rate,,,,,,
FXKRWCAD,KRW/CAD,South Korean won to Canadian dollar daily exchange rate,,,,,,
FXSEKCAD,SEK/CAD,Swedish krona to Canadian dollar daily exchange rate,,,,,,
FXCHFCAD,CHF/CAD,Swiss franc to Canadian dollar daily exchange rate,,,,,,
FXTWDCAD,TWD/CAD,Taiwanese dollar to Canadian dollar daily exchange rate,,,,,,
FXTHBCAD,THB/CAD,Thai baht to Canadian dollar daily exchange rate,,,,,,
FXTRYCAD,TRY/CAD,Turkish lira to Canadian dollar daily exchange rate,,,,,,
FXGBPCAD,GBP/CAD,UK pound sterling to Canadian dollar daily exchange rate,,,,,,
FXUSDCAD,USD/CAD,US dollar to Canadian dollar daily exchange rate,,,,,,
FXVNDCAD,VND/CAD,Vietnamese dong to Canadian dollar daily exchange rate,,,,,,
,,,,,,,,
OBSERVATIONS,,,,,,,,
date,FXAUDCAD,FXEURCAD,FXJPYCAD,FXNZDCAD,FXSGDCAD,FXCHFCAD,FXGBPCAD,FXUSDCAD
3/01/2017,0.9702,1.3973,0.0114,0.9295,0.9264,1.3064,1.6459,1.3435
4/01/2017,0.9678,1.393,0.01134,0.9251,0.924,1.3005,1.6377,1.3315
5/01/2017,0.9708,1.4008,0.01145,0.9285,0.926,1.3083,1.64,1.3244
6/01/2017,0.9668,1.3953,0.01133,0.923,0.9202,1.302,1.6275,1.3214
9/01/2017,0.9728,1.3967,0.01138,0.9276,0.9214,1.302,1.6084,1.324
10/01/2017,0.9732,1.397,0.01141,0.9236,0.9206,1.3012,1.6075,1.3213
11/01/2017,0.9788,1.3916,0.0114,0.9274,0.9214,1.2976,1.6056,1.325
12/01/2017,0.9842,1.3966,0.01148,0.9348,0.921,1.3008,1.6024,1.3106
13/01/2017,0.9831,1.3967,0.01144,0.9339,0.9188,1.3016,1.5996,1.3141
16/01/2017,0.9837,1.395,0.01153,0.9345,0.9206,1.3013,1.5865,1.3152
17/01/2017,0.9856,1.397,0.01156,0.9394,0.9212,1.303,1.616,1.3057
18/01/2017,0.9933,1.4052,0.0116,0.945,0.9246,1.3119,1.6192,1.3099
19/01/2017,1.0051,1.4159,0.01157,0.9551,0.9325,1.3197,1.6399,1.3303
20/01/2017,1.0066,1.4242,0.01162,0.9546,0.9354,1.3275,1.6453,1.3356
23/01/2017,1.006,1.4266,0.01174,0.9586,0.9362,1.3297,1.6584,1.3291
24/01/2017,0.9991,1.4156,0.01161,0.9558,0.9286,1.3175,1.6465,1.3174
25/01/2017,0.9886,1.4052,0.01152,0.9496,0.9232,1.3086,1.6495,1.3088
26/01/2017,0.9878,1.4001,0.01145,0.9487,0.9202,1.3105,1.6492,1.3103
27/01/2017,0.9909,1.4036,0.0114,0.9533,0.9184,1.3134,1.6469,1.3123
30/01/2017,0.9902,1.4002,0.01151,0.9541,0.9215,1.3144,1.6388,1.3114
31/01/2017,0.9879,1.4053,0.01155,0.955,0.924,1.3167,1.6357,1.303
1/02/2017,0.9896,1.4066,0.01153,0.9494,0.9242,1.3168,1.6531,1.3074
2/02/2017,0.9988,1.4049,0.01156,0.9507,0.9235,1.3145,1.6329,1.3016
3/02/2017,0.9994,1.4022,0.01155,0.9518,0.9242,1.3109,1.6263,1.3016
6/02/2017,1.0018,1.4061,0.01168,0.9569,0.9288,1.3191,1.632,1.3099
7/02/2017,1.0047,1.4072,0.01173,0.9622,0.9292,1.3202,1.6401,1.3167
8/02/2017,1.0055,1.4064,0.01175,0.9615,0.9289,1.3221,1.6479,1.3157
9/02/2017,1.0023,1.4003,0.01162,0.9446,0.9255,1.3124,1.6444,1.3127
10/02/2017,1.0035,1.3911,0.01153,0.9413,0.9208,1.3035,1.6327,1.3084
13/02/2017,1.0002,1.3874,0.0115,0.9383,0.9189,1.3011,1.6366,1.3082
14/02/2017,1.0003,1.3832,0.01146,0.9361,0.9205,1.2985,1.6294,1.307
15/02/2017,1.006,1.3843,0.01144,0.9415,0.9206,1.2991,1.628,1.3088
16/02/2017,1.005,1.3917,0.01151,0.9432,0.9206,1.3068,1.6304,1.3055
17/02/2017,1.0043,1.3923,0.01161,0.9417,0.9237,1.3085,1.6282,1.3102
21/02/2017,1.0086,1.3861,0.01158,0.9409,0.9252,1.3028,1.6372,1.3148
22/02/2017,1.0136,1.3892,0.01164,0.9447,0.9311,1.3031,1.6412,1.3181
23/02/2017,1.012,1.3867,0.01163,0.9481,0.9314,1.3017,1.6426,1.311
24/02/2017,1.0056,1.3853,0.01167,0.9431,0.9328,1.3019,1.6356,1.3095
27/02/2017,1.0078,1.3907,0.01167,0.9455,0.9351,1.3025,1.6324,1.3118
28/02/2017,1.0171,1.4051,0.01182,0.9562,0.9466,1.3201,1.6459,1.3249
1/03/2017,1.0224,1.4072,0.01173,0.9517,0.9465,1.3218,1.6414,1.3338
2/03/2017,1.014,1.4069,0.0117,0.9464,0.9477,1.3215,1.6424,1.3387
3/03/2017,1.015,1.4169,0.01172,0.9417,0.9484,1.3263,1.6427,1.3405
6/03/2017,1.0171,1.4195,0.01177,0.9389,0.9498,1.3257,1.6417,1.3404
7/03/2017,1.0192,1.4184,0.01177,0.9359,0.9508,1.3229,1.6366,1.3417
8/03/2017,1.0161,1.4215,0.01177,0.9325,0.9506,1.3283,1.639,1.3475
9/03/2017,1.0149,1.4301,0.01177,0.9325,0.9517,1.3345,1.6448,1.3513
10/03/2017,1.015,1.4353,0.01171,0.9324,0.9522,1.3328,1.6381,1.3464
13/03/2017,1.0191,1.434,0.01172,0.9316,0.9512,1.3349,1.6444,1.3447
14/03/2017,1.0197,1.4332,0.01176,0.9335,0.953,1.3369,1.6387,1.3484
15/03/2017,1.0223,1.4291,0.01174,0.9357,0.9519,1.3337,1.6414,1.3428
16/03/2017,1.0226,1.4294,0.01176,0.9296,0.95,1.3365,1.6458,1.3319
17/03/2017,1.0275,1.433,0.01182,0.9361,0.9516,1.3378,1.6509,1.3337
20/03/2017,1.0322,1.4354,0.01186,0.9412,0.956,1.339,1.652,1.3358
21/03/2017,1.0279,1.4393,0.01188,0.9397,0.9527,1.3399,1.661,1.3317
22/03/2017,1.0251,1.4434,0.01203,0.9421,0.9554,1.3482,1.6654,1.336
23/03/2017,1.0184,1.4381,0.01201,0.9388,0.953,1.3434,1.6689,1.3336
24/03/2017,1.0194,1.4448,0.01205,0.9398,0.956,1.3492,1.6701,1.3374
27/03/2017,1.0193,1.4548,0.01211,0.9428,0.9601,1.3593,1.6823,1.3373
28/03/2017,1.021,1.45,0.01209,0.9397,0.9592,1.3549,1.6723,1.3374
29/03/2017,1.0239,1.4375,0.01204,0.9391,0.958,1.3412,1.6601,1.3364
30/03/2017,1.0196,1.4255,0.01194,0.9334,0.9535,1.333,1.6607,1.3304
31/03/2017,1.0168,1.4222,0.01194,0.9316,0.9525,1.3299,1.665,1.331
3/04/2017,1.018,1.4272,0.01205,0.9369,0.9581,1.3356,1.6708,1.3384
4/04/2017,1.0149,1.4311,0.01213,0.9364,0.9596,1.3396,1.6704,1.3425
5/04/2017,1.0158,1.4296,0.01206,0.9331,0.9569,1.3344,1.6733,1.3409
6/04/2017,1.0128,1.4292,0.0121,0.9357,0.9571,1.3359,1.6737,1.3418
7/04/2017,1.006,1.421,0.01208,0.9313,0.9545,1.3296,1.6599,1.3395
10/04/2017,1.0009,1.4144,0.01202,0.9287,0.9499,1.3236,1.6572,1.3349
11/04/2017,0.9995,1.4148,0.01213,0.9266,0.9499,1.3233,1.6624,1.3332
12/04/2017,0.9958,1.4111,0.01214,0.9208,0.9498,1.3214,1.6627,1.33
13/04/2017,1.0062,1.4102,0.01216,0.93,0.9499,1.3206,1.6619,1.3275
17/04/2017,1.0096,1.4155,0.01224,0.933,0.9518,1.3249,1.6711,1.3289
18/04/2017,1.0099,1.4321,0.01232,0.9406,0.9574,1.3403,1.7085,1.3377
19/04/2017,1.0103,1.4423,0.01236,0.9432,0.9628,1.3489,1.7236,1.346
20/04/2017,1.0152,1.4485,0.01234,0.9457,0.9649,1.3528,1.7277,1.3482
21/04/2017,1.0179,1.4447,0.01238,0.9477,0.9668,1.3528,1.7276,1.3506
24/04/2017,1.0202,1.4648,0.01227,0.9471,0.9685,1.355,1.7251,1.3492
25/04/2017,1.0241,1.4847,0.01226,0.945,0.9754,1.3683,1.7435,1.3592
26/04/2017,1.0154,1.4797,0.01219,0.9359,0.9729,1.3664,1.7446,1.3593
27/04/2017,1.0163,1.4817,0.01224,0.9356,0.9752,1.3701,1.7571,1.3624
28/04/2017,1.0211,1.4896,0.01226,0.9378,0.9779,1.3752,1.7679,1.3662
1/05/2017,1.0289,1.4902,0.01223,0.9436,0.9784,1.3731,1.7644,1.366
2/05/2017,1.0321,1.4971,0.01224,0.95,0.9835,1.3813,1.7728,1.372
3/05/2017,1.022,1.4963,0.0122,0.9469,0.9828,1.3831,1.7701,1.3714
4/05/2017,1.0167,1.5057,0.0122,0.9421,0.9812,1.3887,1.7743,1.3743
5/05/2017,1.0157,1.5063,0.01218,0.9475,0.976,1.388,1.7767,1.3712
8/05/2017,1.0125,1.4985,0.01214,0.9476,0.9754,1.3741,1.7738,1.3705
9/05/2017,1.0085,1.4939,0.01203,0.9464,0.9726,1.3638,1.7751,1.3728
10/05/2017,1.0085,1.486,0.01199,0.9491,0.9693,1.3561,1.7692,1.3672
11/05/2017,1.0103,1.4892,0.01204,0.9387,0.9733,1.3606,1.7651,1.3707
12/05/2017,1.0141,1.4973,0.01209,0.9401,0.9762,1.3669,1.7661,1.3714
15/05/2017,1.0128,1.4973,0.01201,0.9398,0.9756,1.3688,1.7606,1.3641
16/05/2017,1.01,1.5063,0.01201,0.9361,0.9742,1.377,1.7551,1.3596
17/05/2017,1.0101,1.5161,0.01222,0.9421,0.9779,1.3889,1.7638,1.3614
18/05/2017,1.0111,1.5128,0.01225,0.9408,0.9773,1.3905,1.7678,1.3611
19/05/2017,1.0093,1.5162,0.01216,0.9368,0.9773,1.3896,1.7641,1.3544
23/05/2017,1.0107,1.512,0.01211,0.9475,0.9712,1.3857,1.7511,1.349
24/05/2017,1.0061,1.5063,0.01203,0.946,0.9698,1.3791,1.7428,1.346
25/05/2017,1.0041,1.5082,0.01203,0.9465,0.9712,1.3836,1.7422,1.3453
26/05/2017,1.0019,1.5039,0.0121,0.95,0.9737,1.3808,1.7231,1.3456
29/05/2017,1.0006,1.5027,0.01208,0.9505,0.9707,1.3779,1.7266,1.3446
30/05/2017,1.0049,1.5059,0.01215,0.9548,0.9727,1.3814,1.7319,1.3469
31/05/2017,1.004,1.5164,0.01219,0.9583,0.976,1.393,1.7387,1.35
1/06/2017,0.9966,1.5141,0.01213,0.9538,0.9739,1.3904,1.7392,1.35
2/06/2017,1.0033,1.5218,0.01221,0.9634,0.977,1.3996,1.739,1.3504
5/06/2017,1.009,1.5171,0.0122,0.9627,0.9759,1.3968,1.7416,1.3483
6/06/2017,1.0109,1.517,0.0123,0.9678,0.9757,1.398,1.7354,1.3461
7/06/2017,1.0191,1.5179,0.01232,0.9708,0.9766,1.3984,1.7461,1.3492
8/06/2017,1.0185,1.5145,0.01226,0.9742,0.9772,1.3954,1.7463,1.3503
9/06/2017,1.0131,1.5052,0.01217,0.9692,0.9718,1.3868,1.7126,1.3453
12/06/2017,1.0113,1.5032,0.01221,0.9658,0.969,1.385,1.6982,1.3415
13/06/2017,0.9977,1.4835,0.01203,0.956,0.9583,1.3671,1.6864,1.3238
14/06/2017,1.0056,1.4872,0.01208,0.963,0.9616,1.365,1.6883,1.3209
15/06/2017,1.0067,1.481,0.012,0.9566,0.9602,1.3621,1.6942,1.3283
16/06/2017,1.0085,1.4804,0.01193,0.9594,0.9567,1.3588,1.6914,1.3232
19/06/2017,1.0047,1.4758,0.01187,0.9571,0.9539,1.3569,1.6853,1.322
20/06/2017,1.0063,1.4771,0.0119,0.9605,0.9548,1.3604,1.6756,1.3267
21/06/2017,1.0055,1.4839,0.01194,0.9618,0.9574,1.3665,1.6864,1.331
22/06/2017,0.9987,1.4769,0.0119,0.962,0.9522,1.3615,1.6772,1.3241
23/06/2017,1.0048,1.4853,0.01193,0.967,0.9568,1.3687,1.6884,1.3268
26/06/2017,1.0045,1.4819,0.01186,0.9661,0.9538,1.3629,1.6848,1.3238
27/06/2017,1.001,1.4913,0.01176,0.9603,0.9509,1.3696,1.6859,1.3188
28/06/2017,0.9958,1.4844,0.01164,0.953,0.9446,1.3602,1.6867,1.306
29/06/2017,0.9985,1.4868,0.01159,0.9488,0.943,1.3598,1.6903,1.3015
30/06/2017,0.9968,1.4813,0.01156,0.9506,0.9426,1.3541,1.6862,1.2977
4/07/2017,0.9843,1.4685,0.01143,0.9435,0.936,1.3406,1.6725,1.2941
5/07/2017,0.9852,1.4714,0.01146,0.9441,0.9391,1.3441,1.6774,1.2982
6/07/2017,0.9821,1.4767,0.01143,0.9406,0.9363,1.3447,1.6773,1.2946
7/07/2017,0.9797,1.4692,0.01131,0.9377,0.9325,1.3368,1.6603,1.2887
10/07/2017,0.9795,1.4688,0.01129,0.9371,0.9305,1.334,1.6598,1.2888
11/07/2017,0.9845,1.4774,0.01132,0.9331,0.9339,1.3371,1.661,1.292
12/07/2017,0.9816,1.4613,0.0113,0.9288,0.9284,1.3268,1.6487,1.2794
13/07/2017,0.9846,1.4529,0.01125,0.9328,0.9257,1.3178,1.6482,1.2743
14/07/2017,0.99,1.4515,0.01126,0.9298,0.9238,1.3134,1.6553,1.2672
17/07/2017,0.99,1.4535,0.01125,0.9284,0.9255,1.317,1.6548,1.2669
18/07/2017,1.0005,1.4606,0.01128,0.9291,0.9242,1.324,1.6459,1.2628
19/07/2017,1.001,1.4512,0.01127,0.9272,0.9206,1.3194,1.6411,1.2595
20/07/2017,1.0004,1.4604,0.01124,0.9299,0.9207,1.3203,1.6325,1.2585
21/07/2017,0.9935,1.4632,0.01129,0.934,0.9211,1.3257,1.6298,1.2549
24/07/2017,0.9924,1.4565,0.01127,0.93,0.9188,1.3224,1.6303,1.2512
25/07/2017,0.9942,1.4592,0.01121,0.9289,0.919,1.3179,1.6319,1.2507
26/07/2017,0.9922,1.4572,0.01118,0.9314,0.9193,1.3068,1.6331,1.2505
27/07/2017,0.9987,1.4621,0.01124,0.9388,0.9211,1.2998,1.6392,1.252
28/07/2017,0.9939,1.4619,0.01123,0.9337,0.9169,1.2847,1.6328,1.2447
31/07/2017,0.9964,1.4719,0.01131,0.9354,0.9204,1.2906,1.6438,1.2485
1/08/2017,0.9981,1.4779,0.01135,0.9356,0.9218,1.2964,1.6539,1.2514
2/08/2017,1.0014,1.489,0.01136,0.934,0.9246,1.296,1.6619,1.256
3/08/2017,0.9991,1.4928,0.01141,0.9347,0.9253,1.2976,1.6519,1.2578
4/08/2017,1.0015,1.4886,0.01141,0.9372,0.9292,1.2992,1.6495,1.2638
8/08/2017,1.003,1.4911,0.01147,0.9296,0.93,1.3003,1.6458,1.2672
9/08/2017,1.0011,1.4916,0.01156,0.9306,0.9315,1.3176,1.6509,1.2705
10/08/2017,1.0026,1.4936,0.01162,0.9254,0.9324,1.3182,1.6506,1.2711
11/08/2017,1.0006,1.4984,0.01163,0.9271,0.932,1.3189,1.6484,1.2685
14/08/2017,0.9988,1.4975,0.01159,0.9265,0.9326,1.3086,1.6483,1.2705
15/08/2017,0.9974,1.4957,0.01154,0.9238,0.9327,1.3109,1.6407,1.2755
16/08/2017,1.0017,1.4884,0.01148,0.9238,0.9294,1.306,1.6337,1.2699
17/08/2017,1.001,1.4837,0.01151,0.9234,0.9264,1.3121,1.629,1.2647
18/08/2017,0.9977,1.4787,0.01154,0.9216,0.9232,1.3064,1.6197,1.2586
21/08/2017,0.9984,1.4844,0.01155,0.9212,0.9241,1.3062,1.6222,1.2575
22/08/2017,0.9932,1.476,0.01147,0.9147,0.9217,1.2977,1.6102,1.2552
23/08/2017,0.9924,1.4835,0.01152,0.9069,0.9229,1.3012,1.6078,1.2564
24/08/2017,0.99,1.4789,0.01146,0.9039,0.9202,1.2992,1.6047,1.2529
25/08/2017,0.9906,1.4821,0.01142,0.9037,0.9207,1.3024,1.6072,1.2492
28/08/2017,0.993,1.4929,0.01143,0.9051,0.9218,1.3069,1.6135,1.2482
29/08/2017,0.997,1.5037,0.01148,0.9098,0.9251,1.3184,1.619,1.2515
30/08/2017,0.997,1.5009,0.01143,0.9086,0.9287,1.3122,1.6287,1.2605
31/08/2017,0.9931,1.4887,0.01138,0.8977,0.9233,1.3023,1.6161,1.2536
1/09/2017,0.9876,1.4719,0.01125,0.888,0.9134,1.2872,1.606,1.239
5/09/2017,0.9899,1.4733,0.01136,0.8955,0.9144,1.2932,1.6094,1.2371
6/09/2017,0.9801,1.4628,0.01125,0.8838,0.9081,1.2829,1.6008,1.2264
7/09/2017,0.9758,1.4585,0.01119,0.8773,0.9055,1.276,1.5899,1.2148
8/09/2017,0.9791,1.4601,0.01126,0.8826,0.9055,1.2821,1.6014,1.2132
11/09/2017,0.9743,1.4521,0.01112,0.8801,0.9014,1.2725,1.5988,1.2128
12/09/2017,0.976,1.4538,0.01105,0.8864,0.9025,1.2665,1.614,1.2159
13/09/2017,0.9743,1.4517,0.01103,0.8832,0.9035,1.265,1.6119,1.2187
14/09/2017,0.9733,1.4506,0.01103,0.8792,0.9038,1.2633,1.632,1.2198
15/09/2017,0.9754,1.4564,0.01098,0.8877,0.9056,1.2695,1.6541,1.2182
18/09/2017,0.9754,1.4621,0.01098,0.8893,0.9081,1.2734,1.654,1.2238
19/09/2017,0.9829,1.4712,0.01101,0.8978,0.911,1.2749,1.6588,1.2277
20/09/2017,0.9888,1.4697,0.011,0.9052,0.9126,1.274,1.6623,1.2273
21/09/2017,0.9787,1.4718,0.01098,0.9022,0.9134,1.27,1.6715,1.2339
22/09/2017,0.9816,1.4729,0.01099,0.9027,0.9158,1.2705,1.667,1.2317
25/09/2017,0.9806,1.4634,0.01103,0.8973,0.9135,1.273,1.664,1.2341
26/09/2017,0.9754,1.458,0.01103,0.8903,0.9128,1.2745,1.662,1.237
27/09/2017,0.9755,1.4577,0.011,0.8955,0.9132,1.2748,1.6631,1.2412
28/09/2017,0.976,1.4672,0.01106,0.8987,0.9164,1.2817,1.6728,1.245
29/09/2017,0.9783,1.4742,0.01109,0.9016,0.9197,1.2878,1.6716,1.248
2/10/2017,0.9788,1.4687,0.0111,0.9005,0.9186,1.2852,1.6601,1.2505
3/10/2017,0.978,1.4691,0.01107,0.895,0.9177,1.2834,1.6557,1.25
4/10/2017,0.9802,1.4678,0.01107,0.8942,0.9166,1.2807,1.6553,1.2479
5/10/2017,0.9789,1.4699,0.01113,0.8941,0.9202,1.2825,1.6476,1.2548
6/10/2017,0.9742,1.4707,0.01112,0.889,0.9188,1.2813,1.6383,1.2549
10/10/2017,0.9732,1.4754,0.01114,0.8841,0.9219,1.2817,1.6504,1.2501
11/10/2017,0.9728,1.4806,0.01113,0.8846,0.9221,1.2842,1.6506,1.2498
12/10/2017,0.9756,1.477,0.01111,0.8886,0.9218,1.2788,1.6471,1.2472
13/10/2017,0.9842,1.478,0.01116,0.897,0.9245,1.2819,1.6606,1.2487
16/10/2017,0.9848,1.4788,0.0112,0.8996,0.9268,1.2849,1.6627,1.2529
17/10/2017,0.9835,1.4752,0.01117,0.8992,0.925,1.2813,1.6538,1.2548
18/10/2017,0.9787,1.4708,0.01106,0.8914,0.9198,1.272,1.6459,1.2486
19/10/2017,0.9821,1.4771,0.01109,0.8761,0.9195,1.2793,1.6435,1.2478
20/10/2017,0.9857,1.4852,0.01111,0.8782,0.9261,1.2811,1.6615,1.2601
23/10/2017,0.987,1.485,0.01112,0.8809,0.928,1.2821,1.6683,1.2644
24/10/2017,0.9853,1.4901,0.01112,0.874,0.9297,1.2804,1.664,1.2666
25/10/2017,0.9836,1.5073,0.01122,0.8779,0.9383,1.2903,1.6924,1.2771
26/10/2017,0.9857,1.5009,0.01127,0.8788,0.9404,1.2885,1.6908,1.2831
27/10/2017,0.9856,1.4925,0.0113,0.8832,0.9413,1.2876,1.6878,1.2874
30/10/2017,0.9849,1.4926,0.01133,0.8811,0.9424,1.2877,1.6938,1.2837
31/10/2017,0.9868,1.5014,0.01135,0.8819,0.9461,1.2921,1.7095,1.2893
1/11/2017,0.9889,1.4978,0.0113,0.8882,0.9469,1.2865,1.71,1.2885
2/11/2017,0.9893,1.495,0.01125,0.8868,0.9429,1.2834,1.6777,1.2822
3/11/2017,0.977,1.4833,0.01118,0.8825,0.9362,1.2757,1.6693,1.2764
6/11/2017,0.9779,1.4784,0.01119,0.8812,0.9351,1.2757,1.6745,1.2746
7/11/2017,0.977,1.4802,0.01121,0.8825,0.9371,1.2791,1.6806,1.2785
8/11/2017,0.9772,1.4757,0.0112,0.8818,0.9347,1.2729,1.6681,1.2729
9/11/2017,0.9736,1.4768,0.0112,0.8824,0.9334,1.2749,1.6666,1.2692
10/11/2017,0.9719,1.4789,0.01118,0.8797,0.9324,1.2741,1.6745,1.2683
14/11/2017,0.9718,1.499,0.01122,0.876,0.9365,1.2855,1.673,1.2733
15/11/2017,0.9691,1.5082,0.01131,0.879,0.9416,1.2927,1.682,1.2773
16/11/2017,0.9677,1.5002,0.01128,0.8737,0.9398,1.2837,1.6813,1.2745
17/11/2017,0.9661,1.5077,0.01139,0.87,0.9434,1.2917,1.6882,1.2783
20/11/2017,0.966,1.503,0.01138,0.8718,0.9428,1.2894,1.6939,1.2793
21/11/2017,0.9685,1.4996,0.01137,0.8729,0.9435,1.2884,1.6918,1.2778
22/11/2017,0.9664,1.5008,0.01141,0.8729,0.9435,1.2935,1.6914,1.2729
23/11/2017,0.9695,1.5066,0.01143,0.8759,0.9448,1.2953,1.6919,1.2715
24/11/2017,0.9681,1.515,0.0114,0.8746,0.9445,1.2972,1.6947,1.2708
27/11/2017,0.9696,1.5179,0.01147,0.8801,0.9464,1.2983,1.6989,1.2735
28/11/2017,0.9741,1.5202,0.01151,0.8869,0.952,1.3023,1.7028,1.2807
29/11/2017,0.9729,1.5231,0.01149,0.8857,0.9542,1.3051,1.7245,1.2853
30/11/2017,0.9757,1.533,0.01147,0.8822,0.9558,1.3094,1.7404,1.2888
1/12/2017,0.968,1.5134,0.01134,0.8756,0.9454,1.2992,1.7166,1.2729
4/12/2017,0.9645,1.5042,0.01126,0.8695,0.9414,1.2885,1.7115,1.2695
5/12/2017,0.9652,1.4991,0.01125,0.8724,0.9411,1.2844,1.7039,1.268
6/12/2017,0.9657,1.5049,0.01137,0.8779,0.9456,1.2888,1.7068,1.2757
7/12/2017,0.9657,1.5141,0.01139,0.8784,0.9511,1.2938,1.7245,1.2843
8/12/2017,0.9658,1.5123,0.01133,0.8806,0.9509,1.2941,1.7229,1.286
11/12/2017,0.9682,1.5157,0.01133,0.889,0.9514,1.2973,1.7165,1.2854
12/12/2017,0.9727,1.5106,0.01133,0.8925,0.9514,1.2971,1.7151,1.2871
13/12/2017,0.978,1.5128,0.01137,0.899,0.952,1.3,1.7181,1.2852
14/12/2017,0.9817,1.5104,0.01138,0.8952,0.9511,1.2954,1.7193,1.2805
15/12/2017,0.9823,1.5108,0.0114,0.899,0.9521,1.2953,1.7102,1.2834
18/12/2017,0.9866,1.5177,0.01144,0.9012,0.9547,1.3045,1.7231,1.2865
19/12/2017,0.987,1.5242,0.01141,0.9007,0.9563,1.3069,1.7222,1.2886
20/12/2017,0.9849,1.5246,0.01133,0.8962,0.955,1.3022,1.7211,1.2842
21/12/2017,0.9801,1.5111,0.01123,0.893,0.9473,1.2875,1.7021,1.2734
22/12/2017,0.9845,1.5113,0.01125,0.8946,0.9493,1.2884,1.7067,1.2759
27/12/2017,0.9825,1.5042,0.01116,0.8934,0.9438,1.2801,1.6946,1.2641
28/12/2017,0.9808,1.5041,0.01115,0.8919,0.9411,1.2862,1.6925,1.2588
29/12/2017,0.9801,1.5052,0.01114,0.8922,0.9387,1.2855,1.6961,1.2545
2/01/2018,0.9796,1.5082,0.01115,0.8896,0.9415,1.2876,1.6995,1.2517
3/01/2018,0.9823,1.5067,0.01115,0.8898,0.943,1.2828,1.6951,1.2533
4/01/2018,0.9827,1.5106,0.0111,0.8939,0.9422,1.2838,1.6952,1.2515
5/01/2018,0.9748,1.4936,0.01096,0.8894,0.9348,1.271,1.6822,1.2403
8/01/2018,0.9736,1.4868,0.01099,0.8916,0.9323,1.2712,1.6843,1.2422
9/01/2018,0.974,1.4853,0.01106,0.8934,0.9324,1.2667,1.6843,1.2454
10/01/2018,0.9799,1.496,0.01121,0.899,0.9369,1.278,1.6893,1.2496
11/01/2018,0.988,1.5088,0.01126,0.9077,0.9425,1.2851,1.6963,1.2535
12/01/2018,0.9865,1.519,0.01124,0.9059,0.9423,1.2882,1.712,1.2504
15/01/2018,0.9896,1.5242,0.01124,0.9072,0.9399,1.2909,1.7141,1.2422
16/01/2018,0.988,1.5201,0.01122,0.9034,0.939,1.2903,1.7108,1.2419
17/01/2018,0.9928,1.5203,0.01121,0.9062,0.9398,1.2924,1.7199,1.2425
18/01/2018,0.995,1.5234,0.01121,0.9097,0.9419,1.2975,1.7277,1.2446
19/01/2018,0.997,1.5246,0.01126,0.9075,0.9436,1.2961,1.7274,1.2459
22/01/2018,0.998,1.5258,0.01123,0.9111,0.9442,1.2949,1.7377,1.2458
23/01/2018,0.9946,1.5293,0.01128,0.9149,0.9448,1.2984,1.7414,1.2454
24/01/2018,0.996,1.5291,0.0113,0.9154,0.9433,1.3043,1.7531,1.2341
25/01/2018,0.995,1.5363,0.01132,0.9072,0.9441,1.3152,1.7558,1.2323
26/01/2018,0.9984,1.5314,0.01133,0.9055,0.9426,1.3176,1.7482,1.2321
29/01/2018,0.9982,1.5257,0.01132,0.9029,0.9408,1.3171,1.7352,1.2335
30/01/2018,0.9969,1.53,0.01134,0.9044,0.9404,1.3199,1.7427,1.2328
31/01/2018,0.9929,1.5286,0.01126,0.9077,0.9383,1.319,1.7433,1.2293
1/02/2018,0.9858,1.5331,0.01123,0.9071,0.9377,1.3228,1.7497,1.2288
2/02/2018,0.9834,1.542,0.01123,0.9056,0.9393,1.3294,1.7511,1.238
5/02/2018,0.989,1.55,0.01136,0.9101,0.9464,1.3341,1.7495,1.2483
6/02/2018,0.9868,1.5495,0.01146,0.9146,0.9486,1.3368,1.7447,1.253
7/02/2018,0.984,1.5423,0.01147,0.9126,0.9484,1.3308,1.7424,1.2546
8/02/2018,0.9817,1.5429,0.01153,0.9087,0.9462,1.3408,1.7573,1.2585
9/02/2018,0.9837,1.5431,0.01161,0.9133,0.9478,1.343,1.7408,1.2609
12/02/2018,0.9879,1.5465,0.0116,0.9128,0.9514,1.3426,1.742,1.2603
13/02/2018,0.9895,1.5566,0.0117,0.9173,0.9528,1.3489,1.7492,1.26
14/02/2018,0.9891,1.5566,0.01173,0.921,0.9531,1.3479,1.7511,1.2562
15/02/2018,0.9906,1.5617,0.01175,0.9239,0.954,1.3535,1.7599,1.2507
16/02/2018,0.9929,1.5595,0.01181,0.9269,0.9563,1.3542,1.7598,1.254
20/02/2018,0.9962,1.5579,0.01177,0.9279,0.9571,1.3494,1.7666,1.2622
21/02/2018,0.9933,1.5608,0.01177,0.9304,0.9594,1.3518,1.7676,1.2671
22/02/2018,0.9971,1.5664,0.0119,0.9335,0.9634,1.3604,1.7722,1.2709
23/02/2018,0.9913,1.558,0.01187,0.9237,0.9593,1.3536,1.7706,1.2668
26/02/2018,0.9952,1.5612,0.01186,0.9273,0.9631,1.3528,1.7719,1.2686
27/02/2018,0.9954,1.5613,0.01187,0.9238,0.9637,1.3566,1.7724,1.274
28/02/2018,0.9983,1.5638,0.01199,0.9248,0.9679,1.3573,1.7667,1.2809
1/03/2018,0.995,1.5683,0.01204,0.9298,0.9691,1.3584,1.7666,1.2851
2/03/2018,0.9992,1.5878,0.01222,0.9325,0.9762,1.3759,1.7761,1.2891
5/03/2018,1.006,1.5993,0.01225,0.9378,0.9839,1.3814,1.7953,1.2977
6/03/2018,1.0086,1.5998,0.01215,0.9412,0.9799,1.3737,1.7919,1.2898
7/03/2018,1.0112,1.6062,0.01222,0.9424,0.9845,1.3736,1.798,1.2947
8/03/2018,1.0069,1.595,0.01218,0.9384,0.9814,1.3623,1.7884,1.2927
9/03/2018,1.0062,1.5809,0.01202,0.9355,0.9757,1.351,1.7788,1.284
12/03/2018,1.0096,1.5805,0.01205,0.9359,0.9767,1.3528,1.7827,1.283
13/03/2018,1.0171,1.5988,0.01209,0.9474,0.9849,1.3669,1.8031,1.2912
14/03/2018,1.0207,1.601,0.01217,0.9489,0.9887,1.3686,1.8074,1.2944
15/03/2018,1.0188,1.6063,0.01228,0.9493,0.9933,1.3731,1.818,1.3032
16/03/2018,1.012,1.6083,0.01234,0.9449,0.9939,1.3742,1.8237,1.3088
19/03/2018,1.0079,1.6124,0.01234,0.9458,0.993,1.3753,1.8371,1.3079
20/03/2018,1.006,1.6043,0.01229,0.9409,0.9921,1.3695,1.8312,1.3077
21/03/2018,0.9994,1.5921,0.01219,0.9309,0.9841,1.3601,1.8244,1.2958
22/03/2018,0.9953,1.589,0.01223,0.9327,0.9808,1.3598,1.8217,1.2908
23/03/2018,0.9933,1.5882,0.01224,0.9331,0.9786,1.357,1.8188,1.2856
26/03/2018,0.9961,1.6029,0.01225,0.9397,0.9835,1.364,1.8327,1.2886
27/03/2018,0.9912,1.5957,0.01218,0.936,0.983,1.3575,1.8203,1.2869
28/03/2018,0.9896,1.5924,0.01212,0.9329,0.9848,1.3513,1.8196,1.2902
29/03/2018,0.9902,1.5867,0.01212,0.9305,0.9836,1.3482,1.8106,1.2894
2/04/2018,0.9891,1.589,0.01217,0.9322,0.984,1.3522,1.8132,1.2908
3/04/2018,0.9844,1.5721,0.01203,0.9302,0.9772,1.3364,1.8008,1.2812
4/04/2018,0.9861,1.5743,0.01203,0.9349,0.9755,1.3349,1.8026,1.2809
5/04/2018,0.9817,1.5637,0.0119,0.9297,0.9709,1.3266,1.7891,1.2776
6/04/2018,0.9805,1.5662,0.01192,0.9275,0.969,1.329,1.7967,1.2764
9/04/2018,0.9792,1.5678,0.0119,0.9305,0.9704,1.3299,1.7993,1.2729
10/04/2018,0.9786,1.5586,0.01177,0.9291,0.9634,1.3198,1.788,1.2618
11/04/2018,0.9762,1.5573,0.01178,0.9267,0.9617,1.3138,1.7855,1.2584
12/04/2018,0.9768,1.552,0.01174,0.9291,0.9599,1.3083,1.7911,1.2596
13/04/2018,0.9793,1.553,0.01172,0.9266,0.9603,1.3088,1.7953,1.2597
16/04/2018,0.9781,1.5569,0.01173,0.9257,0.9594,1.311,1.8018,1.2579
17/04/2018,0.9752,1.5509,0.01172,0.9209,0.9577,1.2998,1.7954,1.2552
18/04/2018,0.9815,1.562,0.01176,0.9242,0.9629,1.3042,1.7936,1.2614
19/04/2018,0.9794,1.5611,0.01177,0.92,0.9641,1.3025,1.7908,1.2633
20/04/2018,0.9765,1.5636,0.01183,0.9176,0.9675,1.3063,1.7857,1.2728
23/04/2018,0.9776,1.5681,0.01183,0.9187,0.9688,1.313,1.7899,1.2833
24/04/2018,0.9754,1.5685,0.01178,0.9133,0.9697,1.3103,1.7922,1.2828
25/04/2018,0.9732,1.5674,0.01178,0.9094,0.9686,1.309,1.7938,1.2869
26/04/2018,0.9727,1.5601,0.01177,0.9095,0.9693,1.303,1.7931,1.2862
27/04/2018,0.9728,1.5558,0.01178,0.9088,0.9706,1.3001,1.7717,1.2857
30/04/2018,0.9678,1.5509,0.01174,0.904,0.9687,1.2957,1.7656,1.2836
1/05/2018,0.9641,1.5448,0.01173,0.9014,0.9654,1.2927,1.7532,1.2867
2/05/2018,0.9641,1.5393,0.0117,0.9005,0.9624,1.2884,1.7493,1.2851
3/05/2018,0.9676,1.5409,0.01178,0.9049,0.9658,1.2887,1.7461,1.2862
4/05/2018,0.9682,1.5368,0.01179,0.9022,0.9642,1.2854,1.7408,1.2861
7/05/2018,0.9667,1.5335,0.01178,0.9028,0.9629,1.2823,1.7439,1.2864
8/05/2018,0.9657,1.538,0.01188,0.9033,0.9673,1.2935,1.7531,1.2963
9/05/2018,0.9591,1.5254,0.01172,0.8983,0.9572,1.2809,1.7445,1.2856
10/05/2018,0.961,1.5217,0.01167,0.8886,0.9544,1.2744,1.7257,1.2775
11/05/2018,0.9644,1.5269,0.01169,0.8904,0.9573,1.2781,1.7323,1.2779
14/05/2018,0.9639,1.5289,0.01166,0.8856,0.958,1.2797,1.735,1.2775
15/05/2018,0.9621,1.5262,0.01167,0.8845,0.9584,1.2853,1.7383,1.2876
16/05/2018,0.9617,1.511,0.01162,0.8836,0.9554,1.2804,1.7277,1.2809
17/05/2018,0.9616,1.5103,0.01156,0.8808,0.9536,1.2779,1.7293,1.2801
18/05/2018,0.967,1.5163,0.01163,0.8902,0.9587,1.2904,1.7359,1.288
22/05/2018,0.9698,1.5065,0.01152,0.8867,0.9553,1.2868,1.7178,1.2786
23/05/2018,0.9714,1.5066,0.0117,0.8888,0.9575,1.2946,1.7176,1.2876
24/05/2018,0.9759,1.5121,0.01179,0.8928,0.9622,1.3009,1.726,1.2891
25/05/2018,0.9802,1.5132,0.01186,0.8974,0.9672,1.3081,1.7281,1.2974
28/05/2018,0.9812,1.5114,0.01189,0.9025,0.9684,1.3079,1.7303,1.3001
29/05/2018,0.9784,1.5042,0.01198,0.8996,0.9666,1.3116,1.7264,1.302
30/05/2018,0.9751,1.5014,0.01184,0.9005,0.9627,1.3037,1.7135,1.2897
31/05/2018,0.9803,1.5118,0.01191,0.9072,0.9672,1.3146,1.7222,1.2948
1/06/2018,0.9795,1.5124,0.01184,0.9048,0.9686,1.3114,1.7292,1.2964
4/06/2018,0.9891,1.5129,0.01179,0.9096,0.9678,1.3095,1.724,1.2928
5/06/2018,0.989,1.5194,0.01185,0.9121,0.973,1.3182,1.7375,1.2993
6/06/2018,0.9901,1.5204,0.01173,0.9092,0.9691,1.3097,1.7327,1.2913
7/06/2018,0.9902,1.5329,0.01181,0.9128,0.9732,1.3223,1.7405,1.2972
8/06/2018,0.9845,1.525,0.01184,0.9114,0.9707,1.3146,1.7368,1.2962
11/06/2018,0.989,1.5324,0.01181,0.9139,0.9735,1.3189,1.7386,1.2993
12/06/2018,0.9877,1.5311,0.01179,0.9129,0.9738,1.32,1.7398,1.3004
13/06/2018,0.9853,1.5295,0.01176,0.9138,0.9725,1.3178,1.7356,1.2988
14/06/2018,0.9812,1.5193,0.01182,0.9142,0.9739,1.3135,1.7379,1.3052
15/06/2018,0.9821,1.5298,0.01192,0.9149,0.976,1.322,1.7499,1.3177
18/06/2018,0.9808,1.5334,0.01195,0.9164,0.9771,1.3282,1.7492,1.3208
19/06/2018,0.9788,1.5359,0.01208,0.9159,0.9777,1.3343,1.7488,1.3276
20/06/2018,0.9815,1.5408,0.01207,0.9142,0.9795,1.3359,1.7541,1.3301
21/06/2018,0.9825,1.5442,0.01209,0.915,0.9798,1.3416,1.7632,1.331
22/06/2018,0.9893,1.5503,0.0121,0.919,0.9797,1.3453,1.7657,1.3308
25/06/2018,0.9856,1.5557,0.01214,0.9171,0.9762,1.3477,1.766,1.3303
26/06/2018,0.9838,1.5514,0.0121,0.9124,0.9765,1.3433,1.7607,1.3306
27/06/2018,0.9805,1.5419,0.01206,0.9052,0.9749,1.3368,1.7493,1.3307
28/06/2018,0.975,1.5357,0.01202,0.8964,0.9702,1.33,1.7359,1.3267
29/06/2018,0.9733,1.536,0.01189,0.891,0.966,1.3271,1.7357,1.3168
3/07/2018,0.9714,1.5329,0.01189,0.8875,0.9632,1.3254,1.7337,1.3154
4/07/2018,0.9705,1.5316,0.01189,0.8888,0.9629,1.3239,1.738,1.3143
5/07/2018,0.9701,1.5355,0.01187,0.8911,0.9622,1.3224,1.7366,1.3129
6/07/2018,0.973,1.5392,0.01186,0.8954,0.9649,1.3237,1.7383,1.3105
9/07/2018,0.9782,1.5397,0.01183,0.8961,0.9661,1.3218,1.7379,1.3097
10/07/2018,0.979,1.5394,0.0118,0.8967,0.9679,1.3218,1.7412,1.3125
11/07/2018,0.972,1.5399,0.01178,0.8917,0.9661,1.3231,1.7405,1.3151
12/07/2018,0.975,1.5374,0.01171,0.8919,0.9662,1.3152,1.7405,1.3166
13/07/2018,0.9752,1.5361,0.01171,0.8895,0.9636,1.3126,1.7387,1.3171
16/07/2018,0.9749,1.5385,0.0117,0.8901,0.9647,1.3172,1.7398,1.3137
17/07/2018,0.9747,1.5398,0.01169,0.8953,0.9671,1.3214,1.734,1.3187
18/07/2018,0.9752,1.5371,0.01171,0.8962,0.9668,1.3214,1.7235,1.3204
19/07/2018,0.9734,1.5401,0.01176,0.8923,0.9663,1.3245,1.723,1.3255
20/07/2018,0.9743,1.5392,0.01176,0.8939,0.9637,1.3221,1.723,1.3142
23/07/2018,0.9715,1.5396,0.01181,0.8931,0.9637,1.3257,1.725,1.3156
24/07/2018,0.9757,1.5383,0.01184,0.8951,0.9647,1.324,1.7285,1.3157
25/07/2018,0.9714,1.5303,0.0118,0.8918,0.9612,1.3181,1.7223,1.3088
26/07/2018,0.9656,1.5242,0.01176,0.8878,0.9588,1.3152,1.7161,1.3065
27/07/2018,0.9667,1.5221,0.01177,0.8872,0.959,1.313,1.7126,1.3062
30/07/2018,0.9643,1.5244,0.01173,0.8886,0.9567,1.3163,1.7104,1.3021
31/07/2018,0.9674,1.5239,0.01164,0.887,0.9563,1.3156,1.7089,1.3017
1/08/2018,0.9626,1.5177,0.01163,0.8836,0.9547,1.3108,1.7064,1.3002
2/08/2018,0.9595,1.5108,0.01167,0.8786,0.9519,1.3087,1.6962,1.3014
3/08/2018,0.9608,1.5043,0.01167,0.8766,0.9508,1.3068,1.6895,1.2983
7/08/2018,0.9671,1.5099,0.01171,0.8774,0.9548,1.309,1.6861,1.3023
8/08/2018,0.9684,1.5141,0.01176,0.8802,0.9571,1.3124,1.681,1.3052
9/08/2018,0.9648,1.5085,0.01175,0.8644,0.9555,1.3147,1.6776,1.304
10/08/2018,0.9574,1.4971,0.01184,0.8648,0.9557,1.3183,1.6734,1.3113
13/08/2018,0.9554,1.4981,0.01186,0.8644,0.9546,1.3217,1.6766,1.3136
14/08/2018,0.9483,1.4869,0.01179,0.8622,0.9509,1.3181,1.6673,1.3087
15/08/2018,0.9499,1.4887,0.01187,0.8618,0.9517,1.3206,1.6674,1.3138
16/08/2018,0.9558,1.4961,0.01187,0.8668,0.9563,1.3213,1.6722,1.3152
17/08/2018,0.9534,1.4932,0.01184,0.865,0.9531,1.315,1.6656,1.3081
20/08/2018,0.9559,1.4954,0.01184,0.8656,0.953,1.3151,1.669,1.3065
21/08/2018,0.9592,1.5046,0.01181,0.8707,0.9536,1.3212,1.6779,1.3036
22/08/2018,0.9567,1.5096,0.01178,0.8719,0.9524,1.3244,1.681,1.3016
23/08/2018,0.9487,1.5098,0.01175,0.8688,0.9519,1.3261,1.6765,1.3063
24/08/2018,0.9548,1.5144,0.01172,0.8715,0.9543,1.3262,1.6755,1.3036
27/08/2018,0.9535,1.5152,0.01169,0.8691,0.9526,1.3246,1.6737,1.2986
28/08/2018,0.9491,1.5129,0.01163,0.8675,0.948,1.3239,1.6652,1.2917
29/08/2018,0.9435,1.5118,0.01159,0.8668,0.9466,1.3293,1.6775,1.2931
30/08/2018,0.944,1.5138,0.01167,0.8629,0.9493,1.3376,1.6885,1.298
31/08/2018,0.9401,1.5165,0.01177,0.8646,0.9519,1.3472,1.6931,1.3055
4/09/2018,0.9464,1.5246,0.01183,0.8635,0.9577,1.3521,1.6929,1.3182
5/09/2018,0.9477,1.5318,0.01182,0.868,0.9579,1.356,1.702,1.3185
6/09/2018,0.9493,1.5336,0.01189,0.8697,0.9591,1.363,1.7063,1.3188
7/09/2018,0.938,1.5232,0.01185,0.8618,0.9553,1.3597,1.7038,1.3164
10/09/2018,0.9368,1.5267,0.01184,0.8599,0.9546,1.3513,1.7137,1.3163
11/09/2018,0.9328,1.5225,0.01178,0.8552,0.954,1.3494,1.7089,1.3141
12/09/2018,0.931,1.5122,0.01169,0.852,0.9473,1.3402,1.6963,1.3014
13/09/2018,0.9358,1.518,0.01163,0.8539,0.9486,1.344,1.7028,1.2997
14/09/2018,0.9345,1.5184,0.01163,0.8548,0.9494,1.3484,1.7047,1.3033
17/09/2018,0.9355,1.5215,0.01163,0.8571,0.9493,1.3528,1.7122,1.3019
18/09/2018,0.9367,1.5179,0.01157,0.8555,0.9477,1.349,1.708,1.2992
19/09/2018,0.9402,1.5115,0.01153,0.856,0.9451,1.3378,1.702,1.2947
20/09/2018,0.9399,1.518,0.01148,0.862,0.9449,1.3433,1.7114,1.2905
21/09/2018,0.9403,1.5173,0.01147,0.8625,0.9464,1.348,1.6904,1.2916
24/09/2018,0.9394,1.5226,0.01148,0.8607,0.9476,1.3454,1.6986,1.2935
25/09/2018,0.939,1.5246,0.01147,0.8612,0.9481,1.3419,1.7048,1.2948
26/09/2018,0.9418,1.5244,0.01149,0.8634,0.9505,1.3414,1.7094,1.2975
27/09/2018,0.9416,1.5227,0.01152,0.8644,0.9547,1.3366,1.7101,1.3045
28/09/2018,0.9356,1.502,0.0114,0.8577,0.9468,1.3245,1.6875,1.2945
1/10/2018,0.9246,1.4831,0.01123,0.8466,0.9337,1.3012,1.6703,1.2803
2/10/2018,0.9214,1.4801,0.01127,0.8455,0.9333,1.302,1.6633,1.2817
3/10/2018,0.9157,1.4791,0.01124,0.8393,0.9317,1.2971,1.667,1.2832
4/10/2018,0.9132,1.4849,0.01133,0.8371,0.9344,1.3005,1.679,1.29
5/10/2018,0.9132,1.4901,0.01137,0.8345,0.9361,1.3039,1.6935,1.2936
9/10/2018,0.9183,1.4878,0.01146,0.8366,0.9365,1.3055,1.6997,1.2965
10/10/2018,0.9218,1.4974,0.01152,0.8404,0.94,1.3104,1.7141,1.2992
11/10/2018,0.9274,1.5093,0.01162,0.8496,0.9461,1.3175,1.7235,1.3038
12/10/2018,0.9274,1.5063,0.01162,0.8483,0.9458,1.3143,1.7158,1.3031
15/10/2018,0.9275,1.5053,0.01162,0.8504,0.9442,1.3163,1.7091,1.2993
16/10/2018,0.9238,1.4988,0.01153,0.8525,0.9418,1.3076,1.7081,1.2938
17/10/2018,0.9255,1.4978,0.01157,0.8534,0.9445,1.3082,1.7058,1.2994
18/10/2018,0.9295,1.4991,0.01163,0.856,0.9459,1.3116,1.7053,1.3057
19/10/2018,0.9344,1.5064,0.01165,0.864,0.9515,1.3148,1.7102,1.3104
22/10/2018,0.9291,1.5036,0.01162,0.8596,0.9497,1.3152,1.7003,1.3105
23/10/2018,0.9267,1.5029,0.01167,0.8586,0.9502,1.3165,1.702,1.3098
24/10/2018,0.9216,1.4846,0.01158,0.851,0.9439,1.3058,1.6807,1.3029
25/10/2018,0.9261,1.4878,0.01162,0.853,0.9472,1.3071,1.6784,1.3076
26/10/2018,0.9274,1.4921,0.01172,0.8531,0.9489,1.3122,1.6806,1.3108
29/10/2018,0.9279,1.4935,0.01167,0.8568,0.9487,1.3108,1.6805,1.3119
30/10/2018,0.9331,1.4917,0.01164,0.8613,0.9488,1.3085,1.672,1.3133
31/10/2018,0.9308,1.4876,0.01162,0.8579,0.948,1.305,1.6775,1.3142
1/11/2018,0.9417,1.4926,0.01161,0.8696,0.9506,1.3055,1.697,1.3088
2/11/2018,0.9438,1.4941,0.01159,0.8715,0.9539,1.3076,1.7006,1.3105
5/11/2018,0.9436,1.493,0.01157,0.8729,0.9523,1.3037,1.7059,1.3096
6/11/2018,0.9486,1.4991,0.01158,0.8761,0.9556,1.3087,1.7181,1.313
7/11/2018,0.9539,1.5013,0.01156,0.8886,0.9559,1.3107,1.7214,1.3096
8/11/2018,0.955,1.496,0.01152,0.8885,0.9555,1.3064,1.7174,1.3114
9/11/2018,0.9553,1.4974,0.0116,0.8903,0.9582,1.3128,1.7167,1.3206
13/11/2018,0.9543,1.4926,0.01162,0.8943,0.959,1.3123,1.7179,1.3241
14/11/2018,0.9559,1.4969,0.01164,0.899,0.9598,1.3143,1.7184,1.3235
15/11/2018,0.9601,1.4945,0.01164,0.9009,0.9594,1.3126,1.6867,1.3202
16/11/2018,0.9622,1.4998,0.01166,0.9027,0.9583,1.3136,1.689,1.3154
19/11/2018,0.9615,1.509,0.01171,0.9007,0.9611,1.3259,1.6943,1.3182
20/11/2018,0.9601,1.5098,0.01177,0.9037,0.965,1.3335,1.6985,1.3259
21/11/2018,0.964,1.5124,0.01174,0.9076,0.9668,1.3343,1.6969,1.327
22/11/2018,0.9576,1.506,0.01169,0.8992,0.9619,1.3274,1.7001,1.3205
23/11/2018,0.9563,1.5,0.01172,0.8963,0.962,1.3264,1.6953,1.3228
26/11/2018,0.9574,1.5008,0.01166,0.8983,0.9627,1.3252,1.697,1.323
27/11/2018,0.9599,1.5018,0.01169,0.9022,0.9648,1.3305,1.6935,1.3289
28/11/2018,0.9673,1.5062,0.01169,0.909,0.9671,1.3347,1.7026,1.3302
29/11/2018,0.9713,1.5108,0.01171,0.9103,0.9682,1.3322,1.6963,1.3275
30/11/2018,0.9712,1.5068,0.01171,0.9135,0.9696,1.3314,1.6964,1.3301
3/12/2018,0.9713,1.4968,0.01161,0.9138,0.9649,1.3217,1.6792,1.3191
4/12/2018,0.972,1.5016,0.01172,0.9168,0.969,1.3259,1.6834,1.3219
5/12/2018,0.9713,1.515,0.0118,0.922,0.9767,1.3381,1.7019,1.3353
6/12/2018,0.9678,1.5254,0.01191,0.9218,0.9785,1.3502,1.7131,1.3404
7/12/2018,0.9595,1.5155,0.0118,0.9131,0.9708,1.3415,1.695,1.3299
10/12/2018,0.9625,1.5222,0.01184,0.9202,0.9742,1.3521,1.6833,1.3379
11/12/2018,0.9657,1.5186,0.01183,0.9224,0.9756,1.351,1.6814,1.3402
12/12/2018,0.9637,1.5166,0.01178,0.9145,0.9727,1.3442,1.6862,1.3346
13/12/2018,0.9656,1.5172,0.01176,0.9166,0.9743,1.3445,1.6894,1.3359
14/12/2018,0.9595,1.5112,0.01179,0.9098,0.9718,1.3414,1.6812,1.3379
17/12/2018,0.962,1.5203,0.01187,0.9118,0.9754,1.3498,1.6905,1.3399
18/12/2018,0.9661,1.5293,0.01196,0.9221,0.9812,1.3557,1.7018,1.3454
19/12/2018,0.9634,1.5349,0.01198,0.9205,0.9819,1.3552,1.7008,1.345
20/12/2018,0.9608,1.5454,0.01212,0.9145,0.9851,1.364,1.7093,1.3495
21/12/2018,0.9593,1.5453,0.0122,0.9123,0.9881,1.3667,1.7158,1.3566
24/12/2018,0.9586,1.5513,0.01229,0.9138,0.9903,1.3732,1.7266,1.3589
27/12/2018,0.9585,1.5582,0.01232,0.9143,0.9945,1.3804,1.7245,1.3641
28/12/2018,0.9609,1.561,0.01236,0.9143,0.9983,1.3874,1.7308,1.3638
31/12/2018,0.9616,1.5613,0.01241,0.9147,1.0011,1.3852,1.7439,1.3642
2/01/2019,0.9515,1.5441,0.01245,0.9066,0.9958,1.3747,1.7143,1.36
3/01/2019,0.9451,1.5376,0.01253,0.9018,0.9896,1.3658,1.7032,1.3501
4/01/2019,0.9507,1.5278,0.01237,0.9017,0.9858,1.3584,1.7034,1.341
7/01/2019,0.9504,1.5266,0.01227,0.8997,0.9817,1.3581,1.6998,1.3313
8/01/2019,0.9485,1.5209,0.01223,0.8935,0.9787,1.3544,1.6916,1.3293
9/01/2019,0.9488,1.5229,0.0122,0.8983,0.9764,1.3543,1.6883,1.3221
10/01/2019,0.9509,1.5237,0.01222,0.898,0.9789,1.3482,1.6882,1.3234
11/01/2019,0.9551,1.5222,0.01223,0.9051,0.9802,1.3481,1.7011,1.3259
14/01/2019,0.9552,1.5218,0.01226,0.9055,0.9802,1.3523,1.7075,1.3269
15/01/2019,0.9543,1.5139,0.01222,0.9042,0.9786,1.3436,1.6969,1.3266
16/01/2019,0.9511,1.5104,0.01217,0.8985,0.978,1.3384,1.7046,1.3248
17/01/2019,0.9535,1.5139,0.0122,0.8969,0.9803,1.3376,1.7206,1.3294
18/01/2019,0.9519,1.5079,0.01209,0.8958,0.9768,1.3326,1.7102,1.326
21/01/2019,0.9513,1.5115,0.01213,0.8944,0.978,1.3329,1.7132,1.3297
22/01/2019,0.9511,1.5154,0.0122,0.8971,0.9808,1.3375,1.7273,1.334
23/01/2019,0.9525,1.5189,0.01217,0.9061,0.982,1.3407,1.7433,1.3348
24/01/2019,0.9473,1.5123,0.01218,0.9039,0.9814,1.3406,1.7408,1.3351
25/01/2019,0.9498,1.5105,0.01208,0.9056,0.9789,1.3338,1.7444,1.3256
28/01/2019,0.9506,1.5156,0.01213,0.9064,0.98,1.3373,1.7451,1.326
29/01/2019,0.949,1.5157,0.01213,0.9065,0.981,1.3335,1.7443,1.3266
30/01/2019,0.9506,1.5084,0.01205,0.9033,0.9768,1.3222,1.7255,1.3192
31/01/2019,0.9561,1.5066,0.01208,0.9093,0.9767,1.3226,1.7244,1.3144
1/02/2019,0.9504,1.5015,0.01197,0.9049,0.9701,1.3168,1.7128,1.3095
4/02/2019,0.9476,1.5011,0.01194,0.9031,0.9701,1.3153,1.7136,1.3127
5/02/2019,0.9504,1.4992,0.01195,0.9055,0.9716,1.3132,1.702,1.3134
6/02/2019,0.9398,1.5006,0.01201,0.9024,0.9736,1.3172,1.7083,1.319
7/02/2019,0.9437,1.5079,0.0121,0.8979,0.9797,1.3268,1.7224,1.3285
8/02/2019,0.941,1.5037,0.01209,0.8959,0.9786,1.3265,1.7175,1.327
11/02/2019,0.9392,1.5,0.01204,0.8953,0.9772,1.3239,1.7107,1.3294
12/02/2019,0.9399,1.499,0.01199,0.8924,0.9764,1.3154,1.7077,1.3248
13/02/2019,0.9407,1.494,0.01194,0.9017,0.9748,1.3139,1.7044,1.324
14/02/2019,0.9442,1.5015,0.01202,0.9091,0.9792,1.3219,1.7017,1.3298
15/02/2019,0.9454,1.4961,0.01201,0.9098,0.9773,1.3185,1.7051,1.3266
19/02/2019,0.9462,1.4998,0.01197,0.9083,0.9776,1.3213,1.7242,1.3238
20/02/2019,0.944,1.4948,0.01189,0.9047,0.9749,1.3172,1.7198,1.3169
21/02/2019,0.9353,1.4963,0.01192,0.8986,0.9748,1.3181,1.7222,1.3196
22/02/2019,0.9398,1.4938,0.0119,0.9008,0.9749,1.3174,1.7183,1.3173
25/02/2019,0.9449,1.4957,0.01187,0.9073,0.9762,1.3168,1.723,1.3174
26/02/2019,0.9462,1.5007,0.01192,0.9086,0.9785,1.319,1.7455,1.3195
27/02/2019,0.9386,1.4954,0.01185,0.8999,0.9747,1.3147,1.7501,1.3145
28/02/2019,0.9358,1.499,0.01183,0.897,0.9746,1.3208,1.7484,1.3169
1/03/2019,0.9399,1.5083,0.01185,0.9032,0.9791,1.3277,1.7533,1.326
4/03/2019,0.9435,1.5089,0.01191,0.9067,0.9828,1.3318,1.7558,1.3317
5/03/2019,0.9447,1.5091,0.01193,0.9064,0.9841,1.3299,1.7541,1.3345
6/03/2019,0.9432,1.5179,0.01201,0.909,0.9886,1.3361,1.7657,1.342
7/03/2019,0.9444,1.5084,0.01204,0.9091,0.9885,1.3309,1.7607,1.3438
8/03/2019,0.9454,1.5081,0.01208,0.9131,0.9878,1.3321,1.7484,1.3422
11/03/2019,0.9467,1.5077,0.01206,0.9154,0.9872,1.3276,1.7572,1.3414
12/03/2019,0.9476,1.5096,0.01202,0.9184,0.9867,1.3278,1.7516,1.3378
13/03/2019,0.943,1.5069,0.01198,0.9122,0.9838,1.3258,1.7589,1.3326
14/03/2019,0.9405,1.5062,0.01193,0.9086,0.9829,1.327,1.7664,1.3327
15/03/2019,0.9452,1.5107,0.01196,0.9136,0.9861,1.3303,1.7713,1.3342
18/03/2019,0.9472,1.5132,0.01197,0.9149,0.9873,1.3329,1.7664,1.3345
19/03/2019,0.9434,1.509,0.01193,0.9122,0.9838,1.3299,1.7639,1.3292
20/03/2019,0.946,1.5146,0.01197,0.9137,0.9869,1.3368,1.7573,1.3317
21/03/2019,0.9508,1.5194,0.01207,0.9197,0.9907,1.3458,1.75,1.3366
22/03/2019,0.9507,1.5144,0.01219,0.9224,0.9918,1.3484,1.7688,1.3411
25/03/2019,0.9538,1.519,0.0122,0.9266,0.994,1.3523,1.7716,1.342
26/03/2019,0.9556,1.5109,0.01211,0.9253,0.9905,1.3467,1.7701,1.3386
27/03/2019,0.9502,1.5101,0.01215,0.9119,0.9898,1.3486,1.7743,1.3414
28/03/2019,0.9504,1.5078,0.01214,0.912,0.9898,1.3482,1.7567,1.3429
29/03/2019,0.9483,1.5002,0.01206,0.9099,0.9863,1.3421,1.7418,1.3363
1/04/2019,0.9493,1.4961,0.01199,0.909,0.9846,1.3366,1.75,1.3337
2/04/2019,0.9428,1.4941,0.01198,0.9006,0.984,1.336,1.7436,1.3344
3/04/2019,0.9486,1.4975,0.01195,0.9046,0.9846,1.3365,1.7533,1.3324
4/04/2019,0.95,1.4984,0.01197,0.9025,0.9861,1.336,1.7483,1.3357
5/04/2019,0.9509,1.502,0.01198,0.9006,0.9878,1.3384,1.7439,1.3386
8/04/2019,0.9493,1.5008,0.01196,0.8986,0.9837,1.3338,1.7398,1.3325
9/04/2019,0.9498,1.5011,0.01198,0.8981,0.984,1.3321,1.7376,1.3316
10/04/2019,0.9536,1.501,0.01201,0.9003,0.9852,1.3298,1.7444,1.3326
11/04/2019,0.954,1.5066,0.012,0.9004,0.9869,1.3333,1.7485,1.3378
12/04/2019,0.9568,1.5072,0.0119,0.9021,0.9852,1.3309,1.7455,1.3329
15/04/2019,0.9582,1.5098,0.01192,0.9028,0.9872,1.3304,1.7498,1.3354
16/04/2019,0.9582,1.5088,0.01193,0.903,0.9867,1.3269,1.7446,1.3361
17/04/2019,0.9566,1.5064,0.0119,0.896,0.9855,1.3203,1.7385,1.3332
18/04/2019,0.9567,1.5038,0.01195,0.8939,0.9869,1.3194,1.7395,1.3382
22/04/2019,0.9526,1.5031,0.01193,0.8915,0.9844,1.315,1.7337,1.3353
23/04/2019,0.9522,1.505,0.012,0.892,0.9885,1.3143,1.7379,1.3421
24/04/2019,0.9463,1.5063,0.01204,0.8895,0.9901,1.3217,1.7428,1.3475
25/04/2019,0.9456,1.5026,0.01209,0.8928,0.9896,1.3221,1.74,1.3493
26/04/2019,0.948,1.5015,0.01206,0.8972,0.9888,1.3205,1.7396,1.346
29/04/2019,0.949,1.5029,0.01204,0.8969,0.988,1.3189,1.7391,1.3456
30/04/2019,0.9459,1.5055,0.01205,0.8958,0.9865,1.317,1.7493,1.3423
1/05/2019,0.9439,1.507,0.01206,0.8915,0.9869,1.3215,1.754,1.3416
2/05/2019,0.9429,1.5055,0.01207,0.8909,0.9881,1.3209,1.7543,1.3462
3/05/2019,0.9421,1.5021,0.01207,0.8916,0.9866,1.3192,1.7611,1.3429
6/05/2019,0.9411,1.5068,0.01214,0.8891,0.9871,1.3218,1.7622,1.3456
7/05/2019,0.9441,1.5068,0.01221,0.8886,0.9883,1.3201,1.7593,1.3476
8/05/2019,0.9426,1.5077,0.01223,0.8863,0.9885,1.3214,1.7515,1.3466
9/05/2019,0.9414,1.5127,0.01229,0.888,0.9881,1.3288,1.7545,1.3483
10/05/2019,0.9393,1.5079,0.01223,0.8857,0.9847,1.3262,1.7474,1.3418
13/05/2019,0.9359,1.5128,0.01232,0.885,0.9825,1.3376,1.7472,1.3457
14/05/2019,0.9353,1.51,0.01229,0.8858,0.984,1.3352,1.7397,1.3469
15/05/2019,0.9316,1.5065,0.01229,0.8823,0.9827,1.3335,1.7293,1.3451
16/05/2019,0.9276,1.5026,0.01224,0.8801,0.9803,1.3307,1.72,1.3439
17/05/2019,0.9258,1.5038,0.01226,0.8785,0.9781,1.3324,1.7153,1.3468
21/05/2019,0.9225,1.4967,0.01213,0.8725,0.9736,1.327,1.7071,1.3413
22/05/2019,0.9229,1.4966,0.01216,0.8714,0.9726,1.3297,1.6982,1.341
23/05/2019,0.9284,1.5043,0.01229,0.8776,0.9765,1.3409,1.706,1.3478
24/05/2019,0.9304,1.5064,0.01229,0.8808,0.9776,1.3423,1.7073,1.3447
27/05/2019,0.9299,1.5049,0.01227,0.8796,0.9777,1.3383,1.7042,1.3442
28/05/2019,0.9336,1.5063,0.01231,0.8823,0.9779,1.3376,1.7072,1.3477
29/05/2019,0.9346,1.5054,0.01235,0.8802,0.9782,1.3418,1.7074,1.3514
30/05/2019,0.9333,1.5031,0.01231,0.8787,0.979,1.3395,1.7029,1.3501
31/05/2019,0.9374,1.5098,0.01246,0.883,0.983,1.3485,1.7065,1.3527
3/06/2019,0.9381,1.511,0.01244,0.8862,0.9847,1.3518,1.7029,1.347
4/06/2019,0.9373,1.5085,0.0124,0.8856,0.9805,1.3505,1.702,1.3414
5/06/2019,0.9352,1.5076,0.01238,0.8886,0.9815,1.3511,1.7032,1.3401
6/06/2019,0.9342,1.5091,0.01236,0.8874,0.981,1.3508,1.7002,1.3378
7/06/2019,0.9302,1.5049,0.01229,0.8851,0.9748,1.3452,1.6927,1.3283
10/06/2019,0.9239,1.5007,0.01223,0.8777,0.971,1.34,1.6827,1.3267
11/06/2019,0.9238,1.5034,0.01223,0.8739,0.9735,1.3381,1.6887,1.3278
12/06/2019,0.9233,1.5042,0.01227,0.8752,0.9744,1.3374,1.6911,1.3303
13/06/2019,0.9211,1.5027,0.01229,0.8749,0.975,1.3406,1.6902,1.3324
14/06/2019,0.9202,1.5023,0.01234,0.8705,0.9767,1.341,1.6874,1.3385
17/06/2019,0.9196,1.5056,0.01235,0.8716,0.9782,1.3428,1.6847,1.3407
18/06/2019,0.9197,1.4994,0.01235,0.8735,0.979,1.3395,1.6797,1.3394
19/06/2019,0.917,1.4968,0.01232,0.8712,0.9771,1.3402,1.6848,1.3343
20/06/2019,0.9132,1.4897,0.01227,0.8689,0.9729,1.343,1.6747,1.3191
21/06/2019,0.9143,1.4981,0.01229,0.8683,0.974,1.3493,1.678,1.3212
24/06/2019,0.9183,1.5029,0.01229,0.8727,0.9745,1.3557,1.6798,1.3194
25/06/2019,0.9178,1.4993,0.0123,0.8758,0.9733,1.3521,1.6746,1.3174
26/06/2019,0.9172,1.4931,0.01219,0.8776,0.97,1.3436,1.6659,1.313
27/06/2019,0.9178,1.4904,0.01216,0.8781,0.9686,1.3419,1.6629,1.3111
28/06/2019,0.9177,1.4887,0.01214,0.8786,0.9671,1.341,1.6624,1.3087
2/07/2019,0.917,1.4816,0.01214,0.875,0.9672,1.3291,1.6539,1.3114
3/07/2019,0.9192,1.4751,0.01213,0.8765,0.9639,1.3257,1.644,1.3073
4/07/2019,0.9169,1.4733,0.01211,0.8732,0.9631,1.3253,1.6427,1.3059
5/07/2019,0.9141,1.4702,0.01207,0.8675,0.9628,1.3206,1.6393,1.3099
8/07/2019,0.9124,1.4671,0.01204,0.8673,0.9622,1.3169,1.6369,1.3081
9/07/2019,0.9095,1.4712,0.01206,0.8674,0.9641,1.3216,1.636,1.3127
10/07/2019,0.9108,1.4728,0.01206,0.8697,0.964,1.3225,1.637,1.3092
11/07/2019,0.9121,1.4717,0.01206,0.8717,0.9637,1.322,1.6386,1.3071
12/07/2019,0.9135,1.4679,0.01207,0.8712,0.9592,1.3237,1.6371,1.3038
15/07/2019,0.9171,1.4683,0.01208,0.8761,0.9613,1.3247,1.6328,1.3039
16/07/2019,0.9166,1.4636,0.01206,0.8754,0.9611,1.3208,1.6204,1.3052
17/07/2019,0.9152,1.4649,0.01207,0.8788,0.9589,1.3213,1.6225,1.3053
18/07/2019,0.9207,1.4679,0.01213,0.8828,0.9607,1.3256,1.6329,1.3069
19/07/2019,0.9216,1.467,0.01213,0.885,0.9612,1.3308,1.6349,1.3071
22/07/2019,0.9229,1.4697,0.01215,0.8877,0.9631,1.3353,1.6353,1.3103
23/07/2019,0.9208,1.4661,0.01215,0.8818,0.9627,1.3346,1.6353,1.3142
24/07/2019,0.9169,1.4638,0.01215,0.8815,0.9631,1.3334,1.6409,1.3137
25/07/2019,0.9143,1.4657,0.01211,0.877,0.9619,1.328,1.6393,1.3146
26/07/2019,0.9111,1.4668,0.01213,0.8746,0.9626,1.3269,1.6342,1.3182
29/07/2019,0.9083,1.4653,0.0121,0.8716,0.9599,1.3266,1.6104,1.3159
30/07/2019,0.9054,1.4683,0.01212,0.8706,0.9607,1.3294,1.6018,1.3168
31/07/2019,0.9044,1.4627,0.0121,0.8665,0.9601,1.3271,1.6043,1.3148
1/08/2019,0.9038,1.4621,0.01223,0.8668,0.9618,1.3308,1.6034,1.3217
2/08/2019,0.8984,1.4686,0.0124,0.8637,0.9608,1.3452,1.6055,1.3225
6/08/2019,0.8974,1.4832,0.01245,0.8656,0.9598,1.3561,1.6119,1.3253
7/08/2019,0.8995,1.4946,0.01258,0.8594,0.9632,1.3691,1.6185,1.3322
8/08/2019,0.9022,1.4848,0.0125,0.8586,0.9592,1.3584,1.6088,1.3257
9/08/2019,0.899,1.4814,0.01252,0.8564,0.9554,1.3593,1.5955,1.3221
12/08/2019,0.8937,1.4839,0.01257,0.8538,0.9544,1.364,1.5988,1.3234
13/08/2019,0.8984,1.4808,0.01245,0.8536,0.9561,1.36,1.5972,1.3236
14/08/2019,0.898,1.4842,0.01257,0.856,0.958,1.3679,1.6056,1.3311
15/08/2019,0.9033,1.4808,0.01256,0.8586,0.9594,1.365,1.6145,1.3325
16/08/2019,0.9011,1.4731,0.0125,0.8543,0.9589,1.3566,1.6146,1.3286
19/08/2019,0.9006,1.4753,0.01248,0.8532,0.9596,1.3559,1.6133,1.3298
20/08/2019,0.903,1.4777,0.01253,0.8548,0.9619,1.3608,1.6179,1.3323
21/08/2019,0.9017,1.4734,0.01247,0.8511,0.96,1.3534,1.6112,1.3278
22/08/2019,0.8989,1.4734,0.01249,0.8473,0.9593,1.3513,1.6274,1.3293
23/08/2019,0.8986,1.4794,0.01258,0.8504,0.9595,1.3602,1.6318,1.331
26/08/2019,0.8996,1.4753,0.01252,0.8482,0.9566,1.3564,1.6237,1.3279
27/08/2019,0.8966,1.4721,0.01254,0.8447,0.9554,1.3518,1.63,1.3267
28/08/2019,0.8969,1.4739,0.01256,0.8432,0.9579,1.3554,1.6255,1.3301
29/08/2019,0.8955,1.4706,0.01249,0.8405,0.9581,1.3496,1.6215,1.3296
30/08/2019,0.8946,1.4629,0.01251,0.8376,0.9579,1.3433,1.6185,1.3295
3/09/2019,0.9007,1.4626,0.01259,0.8425,0.959,1.3507,1.6107,1.3343
4/09/2019,0.9011,1.4622,0.01248,0.8429,0.9578,1.3505,1.6181,1.3263
5/09/2019,0.9019,1.4614,0.01237,0.8437,0.9558,1.3419,1.6307,1.3228
6/09/2019,0.9024,1.4543,0.01233,0.8474,0.9545,1.3339,1.6209,1.3174
9/09/2019,0.9036,1.4541,0.01229,0.8462,0.9538,1.3277,1.6253,1.3155
10/09/2019,0.9023,1.4522,0.01225,0.8443,0.9534,1.3274,1.6249,1.3153
11/09/2019,0.9044,1.4503,0.01223,0.8455,0.9555,1.327,1.6252,1.3181
12/09/2019,0.9076,1.4579,0.01223,0.8477,0.9603,1.333,1.6292,1.3205
13/09/2019,0.9123,1.4684,0.01226,0.8461,0.9654,1.3402,1.6521,1.3257
16/09/2019,0.9093,1.4585,0.01227,0.8416,0.9632,1.335,1.6466,1.3248
17/09/2019,0.9087,1.4655,0.01226,0.8411,0.9641,1.334,1.6542,1.3257
18/09/2019,0.9078,1.4669,0.01226,0.8403,0.966,1.3332,1.656,1.3271
19/09/2019,0.9015,1.4657,0.01228,0.8363,0.9619,1.336,1.6576,1.3259
20/09/2019,0.8989,1.4622,0.01231,0.8312,0.9643,1.338,1.6573,1.3275
23/09/2019,0.8984,1.4584,0.01235,0.8341,0.9629,1.3401,1.6491,1.327
24/09/2019,0.9005,1.4584,0.01234,0.8377,0.9629,1.3424,1.6538,1.3249
25/09/2019,0.896,1.4542,0.01232,0.8334,0.9625,1.3406,1.6411,1.327
26/09/2019,0.8963,1.4503,0.01231,0.8365,0.9598,1.3355,1.6368,1.326
27/09/2019,0.8961,1.4496,0.01227,0.8341,0.9593,1.3363,1.6307,1.3249
30/09/2019,0.8941,1.4438,0.01225,0.8297,0.9577,1.3276,1.629,1.3243
1/10/2019,0.8868,1.4464,0.01227,0.8255,0.9557,1.3299,1.6242,1.3244
2/10/2019,0.8904,1.4556,0.01239,0.8319,0.9601,1.3317,1.6348,1.3294
3/10/2019,0.8985,1.4632,0.01247,0.8401,0.9657,1.3349,1.6494,1.333
4/10/2019,0.9011,1.4619,0.01246,0.8417,0.966,1.3383,1.6401,1.3317
7/10/2019,0.8968,1.4616,0.01242,0.8375,0.9636,1.3379,1.6385,1.3306
8/10/2019,0.8971,1.4603,0.01244,0.8398,0.9641,1.3414,1.627,1.3323
9/10/2019,0.8972,1.4626,0.0124,0.8398,0.9651,1.3389,1.6276,1.3324
10/10/2019,0.899,1.4644,0.01233,0.8403,0.9661,1.3356,1.6409,1.3294
11/10/2019,0.8973,1.4577,0.01217,0.8368,0.9619,1.3231,1.671,1.3198
15/10/2019,0.8924,1.456,0.01215,0.8293,0.9636,1.3231,1.681,1.3211
16/10/2019,0.8909,1.4603,0.01214,0.8278,0.9628,1.3256,1.6931,1.3201
17/10/2019,0.8969,1.4618,0.0121,0.8339,0.9629,1.3305,1.6883,1.3143
18/10/2019,0.8994,1.4644,0.01211,0.8372,0.9625,1.3318,1.6956,1.3132
21/10/2019,0.8996,1.4606,0.01206,0.8382,0.9622,1.3286,1.7001,1.3096
22/10/2019,0.8985,1.4581,0.01206,0.8396,0.9612,1.3245,1.6927,1.3094
23/10/2019,0.8961,1.4555,0.01205,0.8396,0.9601,1.3214,1.6865,1.3086
24/10/2019,0.8922,1.4529,0.01204,0.8348,0.9591,1.3185,1.6811,1.3075
25/10/2019,0.8915,1.4483,0.01202,0.8307,0.9584,1.3144,1.6753,1.3064
28/10/2019,0.8923,1.4487,0.01199,0.8283,0.9586,1.3117,1.6786,1.3056
29/10/2019,0.897,1.452,0.01201,0.8304,0.9597,1.315,1.6827,1.3075
30/10/2019,0.9033,1.4622,0.01208,0.8362,0.9651,1.3263,1.6937,1.3152
31/10/2019,0.9072,1.4671,0.01218,0.8441,0.967,1.3334,1.7034,1.316
1/11/2019,0.909,1.4683,0.01217,0.847,0.9693,1.3337,1.7032,1.3157
4/11/2019,0.9066,1.4652,0.01211,0.8432,0.9683,1.3315,1.6962,1.3148
5/11/2019,0.9072,1.457,0.01206,0.8402,0.9683,1.3251,1.6943,1.3153
6/11/2019,0.9076,1.4596,0.0121,0.84,0.9692,1.3278,1.6957,1.3179
7/11/2019,0.9091,1.4563,0.01206,0.8385,0.9707,1.3241,1.6891,1.3176
8/11/2019,0.9067,1.4576,0.01211,0.8369,0.9725,1.3263,1.6915,1.3223
12/11/2019,0.9052,1.4569,0.01213,0.8376,0.9714,1.3312,1.6999,1.3228
13/11/2019,0.905,1.458,0.01218,0.8485,0.9721,1.3387,1.701,1.3249
14/11/2019,0.8989,1.4599,0.01222,0.8447,0.973,1.3414,1.7057,1.3258
15/11/2019,0.9011,1.4618,0.01216,0.8469,0.9725,1.3366,1.7069,1.3231
18/11/2019,0.9001,1.4633,0.01216,0.846,0.9714,1.3371,1.7127,1.3214
19/11/2019,0.9037,1.4665,0.01219,0.8504,0.9727,1.3361,1.7116,1.3237
20/11/2019,0.9051,1.4723,0.01225,0.8537,0.9769,1.3409,1.7183,1.3304
21/11/2019,0.9025,1.4703,0.01223,0.8518,0.975,1.3386,1.7164,1.3285
22/11/2019,0.9016,1.4661,0.01223,0.8515,0.9741,1.3335,1.706,1.3287
25/11/2019,0.9016,1.4652,0.01222,0.852,0.9746,1.3345,1.7155,1.3307
26/11/2019,0.9015,1.4641,0.01219,0.8533,0.9734,1.3323,1.7085,1.3288
27/11/2019,0.9002,1.4608,0.01214,0.8529,0.9724,1.3288,1.7115,1.3278
28/11/2019,0.899,1.4623,0.01213,0.8524,0.9726,1.3299,1.7151,1.3285
29/11/2019,0.8988,1.4633,0.01214,0.8529,0.9718,1.3285,1.7172,1.3289
2/12/2019,0.9058,1.4715,0.01218,0.864,0.973,1.3387,1.7201,1.3297
3/12/2019,0.91,1.4742,0.01225,0.8668,0.9749,1.3477,1.729,1.3302
4/12/2019,0.9056,1.4655,0.01215,0.8636,0.9703,1.3373,1.7317,1.3223
5/12/2019,0.8998,1.4622,0.01211,0.8613,0.9679,1.3336,1.7325,1.3174
6/12/2019,0.9064,1.4658,0.0122,0.8701,0.9742,1.3383,1.7401,1.3255
9/12/2019,0.904,1.4648,0.01219,0.8677,0.9735,1.3388,1.7407,1.3235
10/12/2019,0.9014,1.4672,0.01217,0.8658,0.9738,1.3431,1.7443,1.3233
11/12/2019,0.9058,1.4652,0.01215,0.8671,0.9717,1.3401,1.7398,1.3201
12/12/2019,0.9091,1.466,0.01208,0.8683,0.9721,1.338,1.7313,1.3182
13/12/2019,0.9069,1.4678,0.01206,0.8693,0.9735,1.3402,1.7584,1.3183
16/12/2019,0.9056,1.4647,0.012,0.8678,0.9702,1.337,1.7531,1.3142
17/12/2019,0.9012,1.4677,0.01202,0.8648,0.9709,1.3419,1.7287,1.316
18/12/2019,0.8993,1.4586,0.01197,0.8628,0.9678,1.3376,1.7158,1.3119
19/12/2019,0.9026,1.4594,0.01201,0.8657,0.9685,1.3413,1.7097,1.3122
20/12/2019,0.9085,1.4584,0.01203,0.8693,0.9714,1.3404,1.7154,1.3164
23/12/2019,0.9104,1.4592,0.01203,0.8721,0.9705,1.3405,1.7017,1.316
24/12/2019,0.9108,1.4584,0.01203,0.873,0.9709,1.3411,1.7046,1.3157
27/12/2019,0.9125,1.4611,0.01195,0.8764,0.9673,1.3421,1.7124,1.3078
30/12/2019,0.9141,1.4631,0.01199,0.879,0.9685,1.3477,1.7142,1.3059
31/12/2019,0.9122,1.4583,0.01196,0.8763,0.9657,1.3437,1.7174,1.2988
2/01/2020,0.9079,1.452,0.01197,0.8699,0.9641,1.3374,1.7085,1.2992
3/01/2020,0.9035,1.4497,0.01202,0.8661,0.9627,1.3365,1.6993,1.2988
6/01/2020,0.8996,1.4515,0.01198,0.8648,0.961,1.3384,1.7064,1.297
7/01/2020,0.8934,1.4502,0.01199,0.8631,0.9631,1.3394,1.707,1.3009
8/01/2020,0.8943,1.448,0.01196,0.8654,0.9644,1.34,1.7073,1.3026
9/01/2020,0.8966,1.4526,0.01195,0.8645,0.9675,1.3446,1.7075,1.3079
10/01/2020,0.9003,1.4504,0.01191,0.8657,0.9677,1.3407,1.7048,1.3051
13/01/2020,0.9013,1.4528,0.01187,0.8655,0.9688,1.3442,1.6949,1.3048
14/01/2020,0.9016,1.453,0.01187,0.864,0.9696,1.3491,1.6995,1.3062
15/01/2020,0.9005,1.4554,0.01187,0.8623,0.9692,1.3537,1.6996,1.305
16/01/2020,0.9003,1.4532,0.01185,0.8662,0.9686,1.3526,1.7041,1.3045
17/01/2020,0.8987,1.4493,0.01186,0.8641,0.9695,1.3494,1.7017,1.3062
20/01/2020,0.8965,1.4471,0.01185,0.862,0.9689,1.3473,1.6968,1.3053
21/01/2020,0.8958,1.4502,0.01189,0.863,0.9684,1.3502,1.7058,1.3067
22/01/2020,0.8975,1.4541,0.01193,0.8651,0.9723,1.3532,1.7225,1.3116
23/01/2020,0.9,1.4533,0.01201,0.8669,0.9727,1.3563,1.7234,1.3143
24/01/2020,0.8973,1.4493,0.01202,0.8683,0.9724,1.3536,1.7189,1.314
27/01/2020,0.8914,1.4525,0.0121,0.8638,0.9712,1.3594,1.7211,1.3182
28/01/2020,0.8899,1.4509,0.01208,0.8607,0.9701,1.3542,1.7132,1.3179
29/01/2020,0.8903,1.452,0.01209,0.8607,0.9696,1.3537,1.7166,1.3196
30/01/2020,0.887,1.4579,0.01215,0.8575,0.9698,1.3636,1.7303,1.3217
31/01/2020,0.886,1.4653,0.01219,0.8557,0.9693,1.3715,1.7435,1.3233
3/02/2020,0.8883,1.4681,0.01222,0.8581,0.97,1.3746,1.7274,1.3275
4/02/2020,0.8937,1.4662,0.01214,0.8599,0.969,1.3696,1.7302,1.3278
5/02/2020,0.8971,1.4622,0.01211,0.8607,0.9622,1.3653,1.7272,1.3289
6/02/2020,0.8957,1.4596,0.01209,0.859,0.9593,1.3631,1.7198,1.329
7/02/2020,0.8883,1.4574,0.01212,0.8524,0.9571,1.362,1.7183,1.3305
10/02/2020,0.8898,1.4548,0.01214,0.851,0.9587,1.363,1.7213,1.3319
11/02/2020,0.8925,1.451,0.0121,0.851,0.9586,1.3611,1.7215,1.3292
12/02/2020,0.8934,1.4431,0.01205,0.8573,0.9561,1.3565,1.7187,1.3254
13/02/2020,0.892,1.4378,0.01207,0.8546,0.9542,1.3542,1.7296,1.3256
14/02/2020,0.8897,1.4368,0.01207,0.8525,0.9517,1.3501,1.7264,1.3249
18/02/2020,0.8867,1.4326,0.01207,0.8471,0.9523,1.3496,1.7253,1.3258
19/02/2020,0.8832,1.4282,0.01191,0.8442,0.949,1.3447,1.7119,1.3231
20/02/2020,0.8773,1.4312,0.01183,0.8399,0.9462,1.348,1.7066,1.3254
21/02/2020,0.8759,1.4341,0.01184,0.8387,0.9456,1.351,1.7138,1.3224
24/02/2020,0.8775,1.4407,0.01199,0.842,0.9487,1.3576,1.7159,1.3279
25/02/2020,0.8763,1.4431,0.01205,0.8399,0.9494,1.3601,1.7261,1.3281
26/02/2020,0.873,1.4476,0.01205,0.8383,0.9522,1.3628,1.7191,1.3307
27/02/2020,0.8793,1.4672,0.01215,0.8445,0.958,1.3772,1.7216,1.3361
28/02/2020,0.8728,1.4766,0.01241,0.8373,0.9628,1.389,1.719,1.3429
2/03/2020,0.8727,1.489,0.01239,0.8359,0.9614,1.3954,1.7069,1.3356
3/03/2020,0.8818,1.4912,0.01244,0.8406,0.9622,1.3966,1.7112,1.3363
4/03/2020,0.886,1.4902,0.01247,0.8419,0.9673,1.4002,1.7192,1.3392
5/03/2020,0.885,1.5021,0.01259,0.8448,0.9682,1.4126,1.7348,1.3415
6/03/2020,0.8902,1.5187,0.01274,0.853,0.9736,1.4333,1.7466,1.3421
9/03/2020,0.9004,1.5559,0.0133,0.8667,0.983,1.4678,1.7835,1.3598
10/03/2020,0.8941,1.5571,0.01315,0.8629,0.9876,1.4693,1.7802,1.3731
11/03/2020,0.8956,1.5531,0.01313,0.8667,0.9879,1.4668,1.7719,1.3745
12/03/2020,0.8752,1.544,0.01316,0.8511,0.9819,1.4614,1.7426,1.382
13/03/2020,0.8642,1.543,0.01294,0.8465,0.9833,1.4586,1.726,1.3901
16/03/2020,0.8564,1.5574,0.01319,0.8468,0.9832,1.4754,1.7124,1.3964
17/03/2020,0.8496,1.5574,0.01321,0.8439,0.9917,1.4739,1.7116,1.4175
18/03/2020,0.8453,1.5772,0.01342,0.8398,1.0039,1.4962,1.6991,1.4496
19/03/2020,0.8424,1.5555,0.01316,0.8355,1.0001,1.4767,1.6845,1.4495
20/03/2020,0.8374,1.5327,0.01292,0.8223,0.9883,1.4545,1.681,1.4332
23/03/2020,0.8394,1.5584,0.01305,0.8255,0.992,1.4743,1.6733,1.4482
24/03/2020,0.8573,1.5634,0.01302,0.8387,1.0011,1.4771,1.7017,1.4491
25/03/2020,0.8542,1.5495,0.01284,0.834,0.9879,1.4605,1.6883,1.4302
26/03/2020,0.8508,1.5487,0.01285,0.8361,0.9824,1.4571,1.7009,1.4077
27/03/2020,0.8589,1.5525,0.01299,0.8424,0.9823,1.4666,1.7353,1.4056
30/03/2020,0.871,1.5613,0.01311,0.8499,0.9938,1.4762,1.7548,1.4156
31/03/2020,0.8676,1.5584,0.01314,0.8432,0.9965,1.4707,1.7604,1.4187
1/04/2020,0.864,1.5538,0.01326,0.8413,0.9903,1.4698,1.7622,1.4217
2/04/2020,0.8569,1.5396,0.01317,0.8377,0.9901,1.4584,1.7562,1.4179
3/04/2020,0.8487,1.5267,0.01304,0.8286,0.9824,1.4465,1.7331,1.4142
6/04/2020,0.8598,1.5251,0.01295,0.8391,0.986,1.4445,1.7363,1.4127
7/04/2020,0.8662,1.5245,0.01284,0.8379,0.9829,1.4417,1.7263,1.3986
8/04/2020,0.8722,1.5254,0.0129,0.843,0.984,1.4455,1.7389,1.4034
9/04/2020,0.8817,1.5277,0.01289,0.8473,0.986,1.4461,1.7419,1.3985
13/04/2020,0.8891,1.5209,0.01294,0.8485,0.9847,1.441,1.7433,1.3936
14/04/2020,0.8922,1.5253,0.01297,0.8463,0.9828,1.4469,1.7524,1.3904
15/04/2020,0.8903,1.536,0.0131,0.8436,0.9892,1.4589,1.7624,1.4086
16/04/2020,0.8904,1.5331,0.01312,0.8413,0.989,1.4584,1.7597,1.4122
17/04/2020,0.8925,1.5262,0.01305,0.8466,0.987,1.4513,1.7539,1.4037
20/04/2020,0.8971,1.5308,0.01308,0.8537,0.9915,1.4557,1.7539,1.4086
21/04/2020,0.8925,1.5412,0.01319,0.8468,0.9923,1.4646,1.7451,1.4203
22/04/2020,0.8943,1.5335,0.01313,0.843,0.9915,1.4578,1.745,1.4155
23/04/2020,0.8973,1.5185,0.01307,0.8463,0.9882,1.4433,1.7377,1.4063
24/04/2020,0.8984,1.5215,0.01311,0.8458,0.9889,1.4452,1.7393,1.409
27/04/2020,0.9078,1.5227,0.01311,0.8508,0.9903,1.4409,1.7452,1.4053
28/04/2020,0.9082,1.5159,0.01309,0.8471,0.9866,1.4353,1.74,1.3978
29/04/2020,0.9095,1.5117,0.01305,0.8501,0.9854,1.4287,1.7315,1.3922
30/04/2020,0.9075,1.5186,0.01301,0.8542,0.9865,1.4369,1.7476,1.391
1/05/2020,0.9042,1.5453,0.01317,0.8521,0.9935,1.4635,1.7602,1.4066
4/05/2020,0.9035,1.5371,0.01318,0.8497,0.9939,1.4591,1.7511,1.4085
5/05/2020,0.9054,1.5225,0.01317,0.8508,0.9915,1.4442,1.7472,1.4032
6/05/2020,0.9075,1.5264,0.01331,0.8518,0.9945,1.4493,1.7458,1.4124
7/05/2020,0.9074,1.5141,0.01317,0.85,0.9895,1.4371,1.729,1.4015
8/05/2020,0.9096,1.5109,0.01307,0.8547,0.9863,1.4352,1.7291,1.3934
11/05/2020,0.9084,1.5156,0.01302,0.8514,0.9887,1.441,1.7282,1.4012
12/05/2020,0.9117,1.5221,0.01306,0.8551,0.9897,1.4472,1.7253,1.4015
13/05/2020,0.9102,1.5255,0.01315,0.8456,0.9923,1.4501,1.7237,1.4073
14/05/2020,0.9056,1.5206,0.01315,0.8417,0.9885,1.4471,1.7186,1.409
15/05/2020,0.9051,1.5248,0.01315,0.8375,0.988,1.4497,1.7105,1.4094
19/05/2020,0.911,1.5196,0.01288,0.847,0.981,1.4302,1.7025,1.3893
20/05/2020,0.9158,1.5254,0.01292,0.8533,0.9828,1.4395,1.7019,1.3892
21/05/2020,0.9158,1.5281,0.01294,0.853,0.9837,1.4374,1.7043,1.3935
22/05/2020,0.9147,1.5272,0.01303,0.8536,0.9834,1.4418,1.7067,1.4015
25/05/2020,0.9152,1.524,0.01298,0.853,0.9817,1.4399,1.705,1.3984
26/05/2020,0.918,1.5154,0.01283,0.857,0.9744,1.4287,1.7033,1.3804
27/05/2020,0.9098,1.5144,0.01279,0.851,0.9706,1.4219,1.6882,1.378
28/05/2020,0.9155,1.5224,0.01278,0.8554,0.9716,1.4253,1.6951,1.3764
29/05/2020,0.9164,1.5314,0.01281,0.8544,0.9754,1.4329,1.7003,1.3787
1/06/2020,0.9229,1.5162,0.01266,0.8549,0.9678,1.4175,1.6978,1.363
2/06/2020,0.9292,1.5101,0.01245,0.8578,0.9648,1.4048,1.6954,1.3515
3/06/2020,0.9349,1.5161,0.01241,0.8672,0.9667,1.4032,1.6995,1.3504
4/06/2020,0.9368,1.5279,0.0124,0.8705,0.9659,1.412,1.7003,1.3508
5/06/2020,0.9364,1.5174,0.01225,0.8737,0.964,1.3951,1.7031,1.3429
8/06/2020,0.9365,1.5121,0.01232,0.8756,0.9632,1.3975,1.699,1.3383
9/06/2020,0.9339,1.5216,0.01245,0.8744,0.9662,1.4122,1.7072,1.3423
10/06/2020,0.9387,1.5225,0.01248,0.8765,0.9676,1.4168,1.7093,1.339
11/06/2020,0.9328,1.5384,0.01269,0.8749,0.9751,1.4404,1.7118,1.3553
12/06/2020,0.9318,1.5309,0.01266,0.8745,0.9764,1.4297,1.7043,1.3596
15/06/2020,0.9343,1.5348,0.01267,0.8778,0.9766,1.4332,1.7091,1.3604
16/06/2020,0.9354,1.5279,0.01263,0.8752,0.9734,1.4278,1.7084,1.3558
17/06/2020,0.9351,1.5223,0.01264,0.8761,0.9728,1.4267,1.7001,1.3555
18/06/2020,0.9311,1.5238,0.01272,0.8741,0.9748,1.4287,1.6889,1.3589
19/06/2020,0.9326,1.5221,0.01271,0.8732,0.9736,1.4287,1.6807,1.3587
22/06/2020,0.9351,1.5236,0.01267,0.8779,0.9724,1.4284,1.6857,1.3545
23/06/2020,0.9395,1.5303,0.0127,0.88,0.9724,1.4314,1.6912,1.3516
24/06/2020,0.9359,1.5316,0.01272,0.8725,0.9769,1.4346,1.6918,1.3591
25/06/2020,0.9377,1.5308,0.01273,0.8767,0.9804,1.4382,1.6938,1.3645
26/06/2020,0.9386,1.5345,0.01276,0.8784,0.9817,1.4428,1.6888,1.3676
29/06/2020,0.9382,1.5389,0.01271,0.8777,0.9814,1.4405,1.6815,1.3682
30/06/2020,0.9382,1.5305,0.01264,0.8771,0.977,1.4376,1.6832,1.3628
2/07/2020,0.9407,1.5279,0.01263,0.8851,0.9742,1.4373,1.6952,1.3586
3/07/2020,0.9415,1.5247,0.01262,0.886,0.973,1.4348,1.691,1.3565
